{
  "computation_times": {
    "F_integration (f)": 88.34189701080322,
    "F_data": 0.38511204719543457,
    "F_Lipschitz (f)": 33.158726930618286,
    "F_gaussianprocess (GP)": 29.938278198242188,
    "F_integration (hat_f)": 46.40794491767883
  },
  "iou_metrics": {
    "morse_set_iou": {
      "F_data": {
        "node_0": 0.14285714285714285,
        "node_1": 0.25,
        "node_2": 0.030120481927710843,
        "mean": 0.14099254159495123
      },
      "F_Lipschitz (f)": {
        "node_0": 0.4444444444444444,
        "node_1": 0.4444444444444444,
        "node_2": 1.0,
        "mean": 0.6296296296296297
      },
      "F_gaussianprocess (GP)": {
        "node_0": 0.10810810810810811,
        "node_1": 0.06557377049180328,
        "node_2": 0.026049475262368817,
        "mean": 0.0665771179540934
      },
      "F_integration (hat_f)": {
        "node_0": 1.0,
        "node_1": 1.0,
        "node_2": 0.6626506024096386,
        "mean": 0.8875502008032129
      }
    },
    "basin_iou": {
      "F_data": {
        "node_0": 0.010498687664041995,
        "node_1": 0.01087228192951762,
        "node_2": 0.015706806282722512,
        "mean": 0.012359258625427375
      },
      "F_Lipschitz (f)": {
        "node_0": 1.0,
        "node_1": 1.0,
        "node_2": 1.0,
        "mean": 1.0
      },
      "F_gaussianprocess (GP)": {
        "node_0": 0.38518687850040007,
        "node_1": 0.5515976331360947,
        "node_2": 0.03410874839446268,
        "mean": 0.3236310866769858
      },
      "F_integration (hat_f)": {
        "node_0": 0.980154355016538,
        "node_1": 0.995875515560555,
        "node_2": 0.5301204819277109,
        "mean": 0.8353834508349346
      }
    },
    "coverage_ratios": {
      "F_data": {
        "node_0": 3.0,
        "node_1": 4.0,
        "node_2": 0.030120481927710843
      },
      "F_Lipschitz (f)": {
        "node_0": 2.25,
        "node_1": 2.25,
        "node_2": 1.0
      },
      "F_gaussianprocess (GP)": {
        "node_0": 9.25,
        "node_1": 15.25,
        "node_2": 31.981927710843372
      },
      "F_integration (hat_f)": {
        "node_0": 1.0,
        "node_1": 1.0,
        "node_2": 0.6626506024096386
      }
    }
  },
  "graph_metrics": [
    {
      "method": "F_data",
      "mean_iou": 0.010685484796779807,
      "num_matched": 2,
      "isomorphic": false,
      "edit_distance": 2.0,
      "normalized_edit_distance": 0.6666666666666666
    },
    {
      "method": "F_Lipschitz (f)",
      "mean_iou": 1.0,
      "num_matched": 3,
      "isomorphic": true,
      "edit_distance": 0.0,
      "normalized_edit_distance": 0.0
    },
    {
      "method": "F_gaussianprocess (GP)",
      "mean_iou": 0.3236310866769858,
      "num_matched": 3,
      "isomorphic": true,
      "edit_distance": 0.0,
      "normalized_edit_distance": 0.0
    },
    {
      "method": "F_integration (hat_f)",
      "mean_iou": 0.8353834508349346,
      "num_matched": 3,
      "isomorphic": true,
      "edit_distance": 0.0,
      "normalized_edit_distance": 0.0
    }
  ]
}