{
  "computation_time": 708.1251640319824,
  "gp_train_time": 3.4251699447631836
}