{
  "computation_times": {
    "F_integration (f)": 47.263110876083374,
    "F_data": 0.1736009120941162,
    "F_Lipschitz (f)": 5492.021709918976,
    "F_gaussianprocess (GP)": 11.807070016860962,
    "F_integration (hat_f)": 46.53216314315796
  },
  "iou_metrics": {
    "morse_set_iou": {
      "F_data": {
        "node_0": 0.17758369723435224,
        "node_1": 0.0,
        "mean": 0.08879184861717612
      },
      "F_Lipschitz (f)": {
        "node_0": 0.09442659589328119,
        "node_1": 0.0,
        "mean": 0.047213297946640594
      },
      "F_gaussianprocess (GP)": {
        "node_0": 0.931899641577061,
        "node_1": 0.17391304347826086,
        "mean": 0.5529063425276609
      },
      "F_integration (hat_f)": {
        "node_0": 0.9724238026124818,
        "node_1": 1.0,
        "mean": 0.9862119013062409
      }
    },
    "roa_iou": {
      "F_data": {
        "node_0": 0.022318031955363936,
        "node_1": 0.0,
        "mean": 0.011159015977681968
      },
      "F_Lipschitz (f)": {
        "node_0": 0.9639408385282973,
        "node_1": 0.0,
        "mean": 0.48197041926414863
      },
      "F_gaussianprocess (GP)": {
        "node_0": 0.973117278202024,
        "node_1": 0.0006322711178553364,
        "mean": 0.48687477465993967
      },
      "F_integration (hat_f)": {
        "node_0": 0.9999365965001268,
        "node_1": 0.9999367728882145,
        "mean": 0.9999366846941706
      }
    },
    "coverage_ratios": {
      "F_data": {
        "node_0": 0.19674556213017752,
        "node_1": 0.0
      },
      "F_Lipschitz (f)": {
        "node_0": 10.590236686390533,
        "node_1": 0.0
      },
      "F_gaussianprocess (GP)": {
        "node_0": 0.9933431952662722,
        "node_1": 0.22727272727272727
      },
      "F_integration (hat_f)": {
        "node_0": 1.0103550295857988,
        "node_1": 1.0
      }
    }
  },
  "graph_metrics": [
    {
      "method": "F_data",
      "mean_iou": 0.022318031955363936,
      "num_matched": 1,
      "isomorphic": false,
      "edit_distance": 2.0,
      "normalized_edit_distance": 1.0
    },
    {
      "method": "F_Lipschitz (f)",
      "mean_iou": 0.9639408385282973,
      "num_matched": 1,
      "isomorphic": false,
      "edit_distance": 2.0,
      "normalized_edit_distance": 1.0
    },
    {
      "method": "F_gaussianprocess (GP)",
      "mean_iou": 0.48687477465993967,
      "num_matched": 2,
      "isomorphic": true,
      "edit_distance": 0.0,
      "normalized_edit_distance": 0.0
    },
    {
      "method": "F_integration (hat_f)",
      "mean_iou": 0.9999366846941706,
      "num_matched": 2,
      "isomorphic": true,
      "edit_distance": 0.0,
      "normalized_edit_distance": 0.0
    }
  ]
}