{
  "computation_times": {
    "F_integration (f)": 40.521509885787964,
    "F_data": 0.13692212104797363,
    "F_Lipschitz (f)": 164.19880604743958,
    "F_gaussianprocess (GP)": 5.833444118499756,
    "F_integration (hat_f)": 38.96466302871704
  },
  "iou_metrics": {
    "morse_set_iou": {
      "F_data": {
        "node_0": 0.17758369723435224,
        "node_1": 0.0,
        "mean": 0.08879184861717612
      },
      "F_Lipschitz (f)": {
        "node_0": 0.09442659589328119,
        "node_1": 0.0,
        "mean": 0.047213297946640594
      },
      "F_gaussianprocess (GP)": {
        "node_0": 0.931899641577061,
        "node_1": 0.17391304347826086,
        "mean": 0.5529063425276609
      },
      "F_integration (hat_f)": {
        "node_0": 0.0,
        "node_1": 0.1864406779661017,
        "mean": 0.09322033898305085
      }
    },
    "basin_iou": {
      "F_data": {
        "node_0": 0.022318031955363936,
        "node_1": 0.0,
        "mean": 0.011159015977681968
      },
      "F_Lipschitz (f)": {
        "node_0": 0.9639408385282973,
        "node_1": 0.0,
        "mean": 0.48197041926414863
      },
      "F_gaussianprocess (GP)": {
        "node_0": 0.973117278202024,
        "node_1": 0.17391304347826086,
        "mean": 0.5735151608401424
      },
      "F_integration (hat_f)": {
        "node_0": 0.001141262997717474,
        "node_1": 0.13978494623655913,
        "mean": 0.0704631046171383
      }
    },
    "coverage_ratios": {
      "F_data": {
        "node_0": 0.19674556213017752,
        "node_1": 0.0
      },
      "F_Lipschitz (f)": {
        "node_0": 10.590236686390533,
        "node_1": 0.0
      },
      "F_gaussianprocess (GP)": {
        "node_0": 0.9933431952662722,
        "node_1": 0.22727272727272727
      },
      "F_integration (hat_f)": {
        "node_0": 0.010355029585798817,
        "node_1": 0.5909090909090909
      }
    }
  },
  "graph_metrics": [
    {
      "method": "F_data",
      "mean_iou": 0.022318031955363936,
      "num_matched": 1,
      "isomorphic": false,
      "edit_distance": 2.0,
      "normalized_edit_distance": 1.0
    },
    {
      "method": "F_Lipschitz (f)",
      "mean_iou": 0.9639408385282973,
      "num_matched": 1,
      "isomorphic": false,
      "edit_distance": 2.0,
      "normalized_edit_distance": 1.0
    },
    {
      "method": "F_gaussianprocess (GP)",
      "mean_iou": 0.5735151608401424,
      "num_matched": 2,
      "isomorphic": true,
      "edit_distance": 0.0,
      "normalized_edit_distance": 0.0
    },
    {
      "method": "F_integration (hat_f)",
      "mean_iou": 0.0704631046171383,
      "num_matched": 2,
      "isomorphic": true,
      "edit_distance": 0.0,
      "normalized_edit_distance": 0.0
    }
  ]
}