{
  "computation_time": 11.807070016860962,
  "gp_train_time": 2.7328782081604004
}